{
  "checkpoint": "results/sep_loss_ablation/2026-02-24_22-57-58_sep_0.02/best-epoch=29-val/auroc=0.9911.ckpt",
  "num_trials": 50,
  "datasets": {
    "within_cifar": {
      "auroc": 0.9918060000000001,
      "fpr95": 0.036,
      "threshold_95": 0.0010163933038711548,
      "aupr": 0.992400768159894
    },
    "svhn": {
      "auroc": 0.9658087499999999,
      "fpr95": 0.133,
      "threshold_95": 9.555742144584656e-05,
      "aupr": 0.978578506971084
    },
    "cifar100": {
      "auroc": 0.974581,
      "fpr95": 0.142,
      "threshold_95": 6.57886266708374e-06,
      "aupr": 0.986824107928908
    },
    "stl10": {
      "auroc": 0.9514050000000001,
      "fpr95": 0.357,
      "threshold_95": -0.0010306332260370255,
      "aupr": 0.9796790446485484
    },
    "fashionmnist": {
      "auroc": 0.9229419999999999,
      "fpr95": 0.261,
      "threshold_95": -0.0006295293569564819,
      "aupr": 0.9519427705654759
    }
  }
}